{
    "images": [
        
        {"id": 1, "nome": "Rafael Pedrosa", "img": "imgT_01.jpg"},
        {"id": 2, "nome": "Diego Cavalcante", "img": "imgT_02.jpg"},
        {"id": 3, "nome": "Amanda Carvalho", "img": "imgT_03.jpg"},
        {"id": 4, "nome": "Carlos Amorim", "img": "imgT_04.jpg"},
        {"id": 5, "nome": "Migel Falafeia", "img": "imgT_05.jpg"},
        {"id": 6, "nome": "Eduardo Quadrado", "img": "imgT_06.jpg"},
        {"id": 7, "nome": "Fernando Tossim", "img": "imgT_07.jpg"},
        {"id": 8, "nome": "Tomas de Assis", "img": "imgT_08.jpg"}
    
    ],
    
    "profissional": [
        {"id": 8, "nome": "Tomas de Assis", "img": "imgT_08.jpg"}
    ],

    "cliente": []
    
}